Date,Open,High,Low,Close,AdjClose,Volume,Daily Change,MAfor10days,MAfor20days,MAfor50days,MAfor200days,Scaled Aclose,Predictions
1/2/2018,1048.339966,1066.939941,1045.22998,1065,1065,1237600,16.66003418,,,,,0.247539449,
1/3/2018,1064.310059,1086.290039,1063.209961,1082.47998,1082.47998,1430200,18.16992188,,,,,0.296277715,
1/4/2018,1088,1093.569946,1084.001953,1086.400024,1086.400024,1004600,-1.599975586,,,,,0.307207713,
1/5/2018,1094,1104.25,1092,1102.22998,1102.22998,1279100,8.229980469,,,,,0.351345326,
1/8/2018,1102.22998,1111.27002,1101.619995,1106.939941,1106.939941,1047600,4.709960938,,,,,0.364477797,
1/9/2018,1109.400024,1110.569946,1101.230957,1106.26001,1106.26001,902500,-3.140014648,,,,,0.362581989,
1/10/2018,1097.099976,1104.599976,1096.109985,1102.609985,1102.609985,1042800,5.510009766,,,,,0.352404868,
1/11/2018,1106.300049,1106.525024,1099.589966,1105.52002,1105.52002,978300,-0.780029297,,,,,0.360518723,
1/12/2018,1102.410034,1124.290039,1101.150024,1122.26001,1122.26001,1720500,19.84997559,,,,,0.407193724,
1/16/2018,1132.51001,1139.910034,1117.832031,1121.76001,1121.76001,1575300,-10.75,1100.145996,,,,0.405799607,
1/17/2018,1126.219971,1132.599976,1117.01001,1131.97998,1131.97998,1202600,5.760009766,1106.843994,,,,0.434295272,
1/18/2018,1131.410034,1132.51001,1117.5,1129.790039,1129.790039,1198200,-1.619995117,1111.575,,,,0.428189204,
1/19/2018,1131.829956,1137.859985,1128.300049,1137.51001,1137.51001,1778200,5.680053711,1116.685999,,,,0.449714284,
1/22/2018,1137.48999,1159.880005,1135.109985,1155.810059,1155.810059,1618000,18.32006836,1122.044006,,,,0.500739093,
1/23/2018,1159.849976,1171.626953,1158.75,1169.969971,1169.969971,1333100,10.11999512,1128.347009,,,,0.540220234,
1/24/2018,1177.329956,1179.859985,1161.050049,1164.23999,1164.23999,1416600,-13.08996582,1134.145007,,,,0.52424371,
1/25/2018,1172.530029,1175.939941,1162.76001,1170.369995,1170.369995,1480500,-2.16003418,1140.921008,,,,0.541335595,
1/26/2018,1175.079956,1175.839966,1158.109985,1175.839966,1175.839966,2018800,0.760009766,1147.953003,,,,0.556587151,
1/29/2018,1176.47998,1186.890015,1171.97998,1175.579956,1175.579956,1378900,-0.900024414,1153.284998,,,,0.555862183,
1/30/2018,1167.829956,1176.52002,1163.52002,1163.689941,1163.689941,1556300,-4.140014648,1157.477991,1128.811993,,,0.522710046,
1/31/2018,1170.569946,1173,1159.130005,1169.939941,1169.939941,1538700,-0.630004883,1161.273987,1134.05899,,,0.540136505,
2/1/2018,1162.609985,1174,1157.52002,1167.699951,1167.699951,2412100,5.08996582,1165.064978,1138.319989,,,0.533890889,
2/2/2018,1122,1123.069946,1107.277954,1111.900024,1111.900024,4857900,-10.09997559,1162.503979,1139.594989,,,0.378307666,
2/5/2018,1090.599976,1110,1052.030029,1055.800049,1055.800049,3798300,-34.79992676,1152.502979,1137.273492,,,0.221887837,
2/6/2018,1027.180054,1081.709961,1023.137024,1080.599976,1080.599976,3448000,53.41992188,1143.565979,1135.956494,,,0.291035823,
2/7/2018,1081.540039,1081.780029,1048.26001,1048.579956,1048.579956,2369200,-32.96008301,1131.999976,1133.072491,,,0.201756533,
2/8/2018,1055.410034,1058.619995,1000.659973,1001.52002,1001.52002,2859100,-53.89001465,1115.114978,1128.017993,,,0.070542443,
2/9/2018,1017.25,1043.969971,992.5599976,1037.780029,1037.780029,3505900,20.5300293,1101.308984,1124.630994,,,0.171643815,
2/12/2018,1048,1061.5,1040.927979,1051.939941,1051.939941,2057700,3.939941406,1088.944983,1121.11499,,,0.211124956,
2/13/2018,1045,1058.369995,1044.087036,1052.099976,1052.099976,1265100,7.099975586,1077.785986,1117.631989,,,0.211571169,
2/14/2018,1048.949951,1071.719971,1046.75,1069.699951,1069.699951,1555800,20.75,1067.761987,1114.517987,,,0.26064401,
2/15/2018,1079.069946,1091.479004,1064.339966,1089.52002,1089.52002,1843400,10.45007324,1059.943994,1112.504486,,,0.315906988,
2/16/2018,1088.410034,1104.670044,1088.312988,1094.800049,1094.800049,1679500,6.390014648,1058.233997,1110.368988,,,0.330628942,
2/20/2018,1090.569946,1113.949951,1088.52002,1102.459961,1102.459961,1423100,11.89001465,1062.899988,1107.701483,,,0.351986565,
2/21/2018,1106.469971,1133.969971,1106.329956,1111.339966,1111.339966,1512900,4.869995117,1065.973987,1104.769983,,,0.376746092,
2/22/2018,1116.189941,1122.819946,1102.589966,1106.630005,1106.630005,1317200,-9.559936523,1071.778992,1101.889484,,,0.363613621,
2/23/2018,1112.640015,1127.280029,1104.713989,1126.790039,1126.790039,1261000,14.15002441,1084.305994,1099.710486,,,0.419824503,
2/26/2018,1127.800049,1143.959961,1126.694946,1143.75,1143.75,1559100,15.94995117,1094.902991,1098.105988,,,0.467112834,
2/27/2018,1141.23999,1144.040039,1118,1118.290039,1118.290039,1774100,-22.94995117,1101.538,1095.241492,,,0.396124519,
2/28/2018,1123.030029,1127.530029,1103.23999,1104.72998,1104.72998,1882600,-18.30004883,1106.801001,1092.293494,,,0.35831591,
3/1/2018,1107.869995,1110.119995,1067.000977,1069.52002,1069.52002,2515900,-38.34997559,1106.783008,1087.272498,,,0.260142318,
3/2/2018,1053.079956,1081.999023,1048.11499,1078.920044,1078.920044,2271600,25.84008789,1105.72301,1082.833502,,,0.286351781,
3/5/2018,1075.140015,1097.099976,1069,1090.930054,1090.930054,1202200,15.79003906,1105.336011,1081.785004,,,0.319838492,
3/6/2018,1099.219971,1101.849976,1089.775024,1095.060059,1095.060059,1532800,-4.159912109,1104.596021,1083.748004,,,0.33135391,
3/7/2018,1089.189941,1112.219971,1085.482056,1109.640015,1109.640015,1292500,20.45007324,1104.426025,1085.200006,,,0.372006231,
3/8/2018,1115.319946,1127.599976,1112.800049,1126,1126,1355100,10.68005371,1106.363025,1089.071008,,,0.41762169,
3/9/2018,1136,1160.800049,1132.46106,1160.040039,1160.040039,2128000,24.04003906,1109.688025,1096.997009,,,0.512533266,
3/12/2018,1163.849976,1177.050049,1157.420044,1164.5,1164.5,2172300,0.650024414,1111.763025,1103.333008,,,0.524968678,
3/13/2018,1170,1176.76001,1133.329956,1138.170044,1138.170044,1907200,-31.82995605,1113.751025,1107.644513,,,0.451554614,
3/14/2018,1145.209961,1158.589966,1141.439941,1149.48999,1149.48999,1291400,4.280029297,1118.227026,1112.514014,1112.0876,,0.483117267,
3/15/2018,1149.959961,1161.079956,1134.540039,1149.579956,1149.579956,1395400,-0.380004883,1126.23302,1116.508014,1113.779199,,0.483368113,
3/16/2018,1154.140015,1155.880005,1131.959961,1135.72998,1135.72998,3092000,-18.41003418,1131.914014,1118.818512,1114.844199,,0.444751147,
3/19/2018,1120.01001,1121.98999,1089.01001,1099.819946,1099.819946,2805900,-20.19006348,1132.803003,1119.069507,1115.112598,,0.344625588,
3/20/2018,1099,1105.199951,1083.459961,1097.709961,1097.709961,1831900,-1.290039063,1133.067993,1118.832007,1115.022197,,0.338742456,
3/21/2018,1092.73999,1106.300049,1085.150024,1090.880005,1090.880005,1878900,-1.859985352,1131.191992,1117.809009,1114.700999,,0.319698944,
3/22/2018,1081.880005,1082.900024,1045.910034,1049.079956,1049.079956,2667000,-32.80004883,1123.499988,1114.931506,1113.557397,,0.203150649,
3/23/2018,1047.030029,1063.359985,1021.219971,1021.570007,1021.570007,2156700,-25.46002197,1109.652985,1109.670505,1111.936598,,0.12644649,
3/26/2018,1046,1055.630005,1008.400024,1053.209961,1053.209961,2665100,7.209960938,1098.523981,1105.143503,1110.890397,,0.214666067,
3/27/2018,1063,1064.838989,996.9199829,1005.099976,1005.099976,3095300,-57.90002441,1085.216974,1099.484,1108.547196,,0.080524196,
3/28/2018,998,1024.22998,980.6400146,1004.559998,1004.559998,3369300,6.559997559,1070.723975,1094.4755,1106.203196,,0.079018611,
3/29/2018,1011.630005,1043,1002.900024,1031.790039,1031.790039,2726800,20.16003418,1058.944983,1092.589001,1104.199397,,0.154942324,
4/2/2018,1022.820007,1034.800049,990.3699951,1006.469971,1006.469971,2680400,-16.35003662,1046.018982,1088.966498,1101.732996,,0.084344062,
4/3/2018,1013.909973,1020.98999,994.0700073,1013.409973,1013.409973,2275100,-0.5,1037.377985,1085.090494,1099.250995,,0.103694409,
4/4/2018,993.4099731,1028.718018,993,1025.140015,1025.140015,2484700,31.7300415,1030.12099,1081.594492,1096.637594,,0.136400504,
4/5/2018,1041.329956,1042.790039,1020.130981,1027.810059,1027.810059,1363000,-13.51989746,1023.813995,1077.502994,1093.794396,,0.143845209,
4/6/2018,1020,1031.420044,1003.030029,1007.039978,1007.039978,1746400,-12.96002197,1019.609998,1071.554993,1090.650396,,0.085933376,
4/9/2018,1016.799988,1039.599976,1014.080017,1015.450012,1015.450012,1751600,-1.349975586,1018.997998,1064.325491,1087.551996,,0.109382515,
4/10/2018,1026.439941,1036.280029,1011.340027,1031.640015,1031.640015,1974500,5.200073242,1016.841003,1057.682492,1084.667997,,0.154524021,
4/11/2018,1027.98999,1031.364014,1015.869995,1019.969971,1019.969971,1483900,-8.020019531,1018.328003,1051.772488,1081.555797,,0.121985214,
4/12/2018,1025.040039,1040.689941,1021.434998,1032.51001,1032.51001,1357000,7.469970703,1021.123004,1045.923489,1078.932198,,0.156949771,
4/13/2018,1040.880005,1046.420044,1022.97998,1029.27002,1029.27002,1223000,-11.60998535,1020.871002,1039.907993,1076.1188,,0.147915921,
4/16/2018,1037,1043.23999,1026.73999,1037.97998,1037.97998,1211200,0.979980469,1024.022003,1035.020493,1073.524401,,0.172201326,
4/17/2018,1051.369995,1077.880005,1048.26001,1074.160034,1074.160034,2320300,22.79003906,1030.097009,1033.737497,1072.769601,,0.273079762,
4/18/2018,1077.430054,1077.430054,1066.224976,1072.079956,1072.079956,1344100,-5.350097656,1034.791003,1032.455997,1073.095199,,0.267280019,
4/19/2018,1069.400024,1094.165039,1068.180054,1087.699951,1087.699951,1747700,18.29992676,1040.779993,1032.296994,1073.237198,,0.310832212,
4/20/2018,1082,1092.349976,1069.569946,1072.959961,1072.959961,1889700,-9.040039063,1047.371991,1033.490994,1073.724799,,0.269733678,
4/23/2018,1077.859985,1082.719971,1060.699951,1067.449951,1067.449951,2341300,-10.41003418,1052.571985,1035.784991,1075.043397,,0.254370484,
4/24/2018,1052,1057,1010.590027,1019.97998,1019.97998,4760300,-32.02001953,1051.405981,1034.123492,1074.687396,,0.122013124,
4/25/2018,1025.52002,1032.48999,1015.309998,1021.179993,1021.179993,2391100,-4.340026855,1051.526984,1034.927493,1074.072197,,0.125359038,
4/26/2018,1029.51001,1047.97998,1018.190002,1040.040039,1040.040039,2079500,10.5300293,1052.279987,1036.701495,1073.830999,,0.17794525,
4/27/2018,1046,1049.5,1025.589966,1030.050049,1030.050049,1619800,-15.94995117,1052.35799,1036.614496,1073.038,,0.150090825,
4/30/2018,1030.01001,1037,1016.849976,1017.330017,1017.330017,1671300,-12.67999268,1050.292993,1037.157498,1071.5942,,0.114624407,
5/1/2018,1013.659973,1038.469971,1008.210022,1037.310059,1037.310059,1427900,23.65008545,1046.607996,1038.352502,1070.444401,,0.170333427,
5/2/2018,1028.099976,1040.389038,1022.869995,1024.380005,1024.380005,1603100,-3.719970703,1041.838,1038.314502,1068.882802,,0.134281419,
5/3/2018,1019,1029.675049,1006.289978,1023.719971,1023.719971,1815100,4.719970703,1035.440002,1038.109998,1067.130402,,0.13244109,
5/4/2018,1016.900024,1048.51001,1016.900024,1048.209961,1048.209961,1938700,31.30993652,1032.965002,1040.168497,1065.962001,,0.2007249,
5/7/2018,1049.22998,1061.680054,1047.099976,1054.790039,1054.790039,1466100,5.560058594,1031.699011,1042.135498,1064.522001,,0.219071694,
5/8/2018,1058.540039,1060.550049,1047.14502,1053.910034,1053.910034,1217700,-4.630004883,1035.092017,1043.248999,1062.725201,,0.216618035,
5/9/2018,1058.099976,1085.439941,1056.36499,1082.76001,1082.76001,2032800,24.66003418,1041.250018,1046.388501,1062.014601,,0.297058502,
5/10/2018,1086.030029,1100.439941,1085.640015,1097.569946,1097.569946,1443000,11.53991699,1047.003009,1049.641498,1061.8714,,0.338352063,
5/11/2018,1093.599976,1101.329956,1090.910034,1098.26001,1098.26001,1253700,4.66003418,1053.824005,1053.090997,1062.4462,,0.340276121,
5/14/2018,1100,1110.75,1099.109985,1100.199951,1100.199951,1518100,0.199951172,1062.110999,1056.201996,1062.871798,,0.34568513,
5/15/2018,1090,1090.050049,1073.469971,1079.22998,1079.22998,1494900,-10.77001953,1066.302991,1056.455493,1062.637797,,0.287215956,
5/16/2018,1077.310059,1089.27002,1076.26001,1081.77002,1081.77002,1097300,4.459960938,1072.041992,1056.939996,1062.371996,,0.294298178,
5/17/2018,1079.890015,1086.869995,1073.5,1078.589966,1078.589966,1043800,-1.300048828,1077.528992,1056.484497,1061.750995,,0.285431446,
5/18/2018,1061.859985,1069.939941,1060.680054,1066.359985,1066.359985,1565200,4.5,1079.343994,1056.154498,1060.558195,,0.251331405,
5/21/2018,1074.060059,1088,1073.650024,1079.579956,1079.579956,1023200,5.519897461,1081.822986,1056.760999,1058.948993,,0.28819177,
5/22/2018,1083.560059,1086.589966,1066.689941,1069.72998,1069.72998,1090000,-13.83007813,1083.40498,1059.248499,1057.053593,,0.260727738,
5/23/2018,1065.130005,1080.780029,1061.709961,1079.689941,1079.689941,1060700,14.55993652,1083.097974,1062.173996,1055.88399,,0.288498435,
5/24/2018,1079,1080.469971,1066.150024,1079.23999,1079.23999,766800,0.239990234,1081.264978,1064.133994,1054.47899,,0.287243866,
5/25/2018,1079.02002,1082.560059,1073.775024,1075.660034,1075.660034,899400,-3.359985352,1079.00498,1066.414493,1053.000592,,0.277262113,
5/29/2018,1064.890015,1073.369995,1055.219971,1060.319946,1060.319946,1865100,-4.570068359,1075.01698,1068.563989,1051.492391,,0.234490366,
5/30/2018,1063.030029,1069.209961,1056.829956,1067.800049,1067.800049,1138500,4.770019531,1073.873987,1070.088489,1050.851993,,0.255346638,
5/31/2018,1067.560059,1097.189941,1067.560059,1084.98999,1084.98999,3088300,17.42993164,1074.195984,1073.118988,1050.597594,,0.303276208,
6/1/2018,1099.349976,1120,1098.5,1119.5,1119.5,2421600,20.15002441,1078.286987,1077.90799,1051.169994,,0.399498172,
6/4/2018,1122.329956,1141.890015,1122.005005,1139.290039,1139.290039,1889600,16.96008301,1085.579993,1082.461993,1052.974196,,0.454677422,
6/5/2018,1140.98999,1145.738037,1133.189941,1139.660034,1139.660034,1678000,-1.329956055,1091.588,1086.705493,1055.335996,,0.455709054,
6/6/2018,1142.170044,1143,1125.743042,1136.880005,1136.880005,1698200,-5.290039063,1098.303003,1090.853992,1057.009397,,0.447957684,
6/7/2018,1131.319946,1135.819946,1116.52002,1123.859985,1123.859985,1520000,-7.459960938,1102.720007,1092.90899,1059.384597,,0.411654829,
6/8/2018,1118.180054,1126.670044,1112.150024,1120.869995,1120.869995,1290800,2.689941406,1106.883008,1094.073993,1061.710797,,0.403318039,
6/11/2018,1118.599976,1137.26001,1118.599976,1129.98999,1129.98999,1079300,11.39001465,1112.316003,1095.660492,1063.674796,,0.428746714,
6/12/2018,1131.069946,1139.790039,1130.734985,1139.319946,1139.319946,912000,8.25,1120.216003,1097.616492,1066.331796,,0.45476081,
6/13/2018,1141.119995,1146.5,1133.380005,1134.790039,1134.790039,1506400,-6.329956055,1126.915002,1100.394495,1068.759397,,0.442130371,
6/14/2018,1143.849976,1155.469971,1140.640015,1152.119995,1152.119995,1343400,8.270019531,1133.628003,1103.911993,1071.298997,,0.490450334,
6/15/2018,1148.859985,1153.420044,1143.484985,1152.26001,1152.26001,2122500,3.400024414,1136.904004,1107.595496,1073.787996,,0.490840728,
6/18/2018,1143.650024,1174.310059,1143.589966,1173.459961,1173.459961,1413700,29.80993652,1140.320996,1112.950494,1077.116395,,0.549951141,
6/19/2018,1158.5,1171.27002,1154.01001,1168.060059,1168.060059,1621000,9.560058594,1143.160999,1117.3745,1080.168596,,0.534894953,
6/20/2018,1175.310059,1186.286011,1169.160034,1169.839966,1169.839966,1648500,-5.470092773,1146.456995,1122.379999,1082.932595,,0.53985775,
6/21/2018,1174.849976,1177.295044,1152.232056,1157.660034,1157.660034,1238100,-17.18994141,1149.837,1126.278503,1085.686396,,0.505897257,
6/22/2018,1159.140015,1162.496948,1147.26001,1155.47998,1155.47998,1311000,-3.66003418,1153.297998,1130.090503,1088.145796,,0.499818758,
6/25/2018,1143.599976,1143.910034,1112.780029,1124.810059,1124.810059,2157300,-18.78991699,1152.780005,1132.548004,1090.056597,,0.414303856,
6/26/2018,1128,1133.209961,1116.659058,1118.459961,1118.459961,1563200,-9.540039063,1150.694006,1135.455005,1091.666196,,0.396598301,
6/27/2018,1121.339966,1131.83606,1103.619995,1103.97998,1103.97998,1293900,-17.35998535,1147.613,1137.264001,1092.262595,,0.356224735,
6/28/2018,1102.089966,1122.310059,1096.01001,1114.219971,1114.219971,1072400,12.13000488,1143.822998,1138.7255,1093.105396,,0.384776218,
6/29/2018,1120,1128.227051,1115,1115.650024,1115.650024,1315100,-4.349975586,1140.162,1138.533002,1093.664397,,0.388763542,
7/2/2018,1099,1128,1093.800049,1127.459961,1127.459961,1217300,28.45996094,1135.562,1137.941498,1094.754397,,0.421692402,
7/3/2018,1135.819946,1135.819946,1100.02002,1102.890015,1102.890015,679000,-32.92993164,1129.044995,1136.102997,1095.463198,,0.353185655,
7/5/2018,1110.530029,1127.5,1108.47998,1124.27002,1124.27002,1066700,13.73999023,1124.488,1135.472498,1097.548999,,0.412798101,
7/6/2018,1123.579956,1140.930054,1120.737061,1140.170044,1140.170044,996100,16.59008789,1122.739001,1136.288,1099.9288,,0.457131081,
7/9/2018,1148.47998,1154.670044,1143.420044,1154.050049,1154.050049,909000,5.570068359,1122.596008,1137.947003,1102.209,,0.495831775,
7/10/2018,1156.97998,1159.589966,1149.589966,1152.839966,1152.839966,798400,-4.140014648,1125.398999,1139.089502,1104.664799,,0.492457781,
7/11/2018,1144.589966,1164.290039,1141,1153.900024,1153.900024,1120000,9.310058594,1128.943005,1139.818506,1107.396199,,0.495413472,
7/12/2018,1159.890015,1184.410034,1155.935059,1183.47998,1183.47998,1251900,23.58996582,1136.893005,1142.253003,1110.319597,,0.577889295,
7/13/2018,1185,1195.416992,1180,1188.819946,1188.819946,1221900,3.819946289,1144.353003,1144.088,1113.608396,,0.592778366,
7/16/2018,1189.390015,1191,1179.280029,1183.859985,1183.859985,1055700,-5.530029297,1151.173999,1145.667999,1116.811196,,0.578948837,
7/17/2018,1172.219971,1203.040039,1170.599976,1198.800049,1198.800049,1610400,26.58007813,1158.308008,1146.935004,1119.822998,,0.620605222,
7/18/2018,1196.560059,1204.5,1190.339966,1195.880005,1195.880005,1393600,-0.680053711,1167.607007,1148.326001,1122.644797,,0.612463458,
7/19/2018,1191,1200,1183.319946,1186.959961,1186.959961,1276700,-4.040039063,1173.876001,1149.182001,1125.305796,,0.587592293,
7/20/2018,1186.959961,1196.859985,1184.219971,1184.910034,1184.910034,1247400,-2.049926758,1178.35,1150.544501,1127.348796,,0.581876619,
7/23/2018,1181.01001,1206.48999,1181,1205.5,1205.5,2619200,24.48999023,1183.494995,1153.045502,1129.507397,,0.63928625,
7/24/2018,1262.589966,1266,1235.560059,1248.079956,1248.079956,3318200,-14.51000977,1193.018994,1159.208997,1132.503796,,0.758009109,
7/25/2018,1239.130005,1265.859985,1239.130005,1263.699951,1263.699951,2127800,24.56994629,1203.998987,1166.470996,1135.773796,,0.801561302,
7/26/2018,1251,1269.770996,1249.02002,1268.329956,1268.329956,2405600,17.32995605,1212.483984,1174.688495,1139.555796,,0.814470836,
7/27/2018,1271,1273.890015,1231,1238.5,1238.5,2130600,-32.5,1217.45199,1180.902496,1142.690396,,0.731297955,
7/30/2018,1228.01001,1234.916016,1211.469971,1219.73999,1219.73999,1849900,-8.270019531,1221.03999,1186.106995,1145.513396,,0.678990668,
7/31/2018,1220.01001,1227.588013,1205.599976,1217.26001,1217.26001,1644700,-2.75,1222.885986,1190.596997,1148.531396,,0.672075903,
8/1/2018,1228,1233.469971,1210.209961,1220.01001,1220.01001,1567200,-7.989990234,1225.298987,1196.452997,1151.339998,,0.679743545,
8/2/2018,1205.900024,1229.880005,1204.790039,1226.150024,1226.150024,1531300,20.25,1229.217993,1201.546997,1154.468398,,0.696863339,
8/3/2018,1229.619995,1230,1215.060059,1223.709961,1223.709961,1089600,-5.91003418,1233.097986,1205.723993,1157.348799,,0.690059873,
8/6/2018,1225,1226.088013,1215.796997,1224.77002,1224.77002,1081700,-0.229980469,1235.024988,1209.259991,1160.259399,,0.693015564,
8/7/2018,1237,1251.170044,1236.170044,1242.219971,1242.219971,1494000,5.219970703,1234.438989,1213.728992,1163.590598,,0.741670101,
8/8/2018,1240.469971,1256.5,1238.008057,1245.609985,1245.609985,1370300,5.140014648,1232.629993,1218.31449,1167.296399,,0.751122254,
8/9/2018,1249.900024,1255.541992,1246.01001,1249.099976,1249.099976,848600,-0.800048828,1230.706995,1221.59549,1170.922397,,0.760853161,
8/10/2018,1243,1245.694946,1232,1237.609985,1237.609985,1108700,-5.390014648,1230.617993,1224.034991,1173.974797,,0.728816386,
8/13/2018,1236.97998,1249.272949,1233.640991,1235.01001,1235.01001,997300,-1.969970703,1232.144995,1226.592493,1176.284998,,0.721567047,
8/14/2018,1235.189941,1245.869995,1225.109985,1242.099976,1242.099976,1348100,6.91003418,1234.628992,1228.757489,1178.341196,,0.741335527,
8/15/2018,1229.26001,1235.23999,1209.51001,1214.380005,1214.380005,1828800,-14.88000488,1234.065991,1229.682489,1179.835596,,0.664045777,
8/16/2018,1224.72998,1226,1202.550049,1206.48999,1206.48999,1343200,-18.23999023,1232.099988,1230.65899,1181.227795,,0.642046574,
8/17/2018,1202.030029,1209.02002,1188.23999,1200.959961,1200.959961,1389600,-1.070068359,1229.824988,1231.461487,1182.769795,,0.626627562,
8/20/2018,1205.02002,1211,1194.625977,1207.77002,1207.77002,870800,2.75,1228.124988,1231.574988,1184.507795,,0.645615595,
8/21/2018,1208,1217.26001,1200.354004,1201.619995,1201.619995,1205600,-6.380004883,1224.06499,1229.25199,1185.940396,,0.628467891,
8/22/2018,1200,1211.839966,1199,1207.329956,1207.329956,887400,7.329956055,1220.236987,1226.43349,1187.300596,,0.644388595,
8/23/2018,1207.140015,1221.280029,1204.23999,1205.380005,1205.380005,992600,-1.760009766,1215.86499,1223.285992,1188.712395,,0.638951676,
8/24/2018,1208.819946,1221.650024,1206.359009,1220.650024,1220.650024,946600,11.83007813,1214.168994,1222.393494,1190.082996,,0.681528055,
8/27/2018,1227.599976,1243.089966,1225.715942,1241.819946,1241.819946,1156300,14.2199707,1214.849988,1223.497491,1191.874194,,0.74055474,
8/28/2018,1241.290039,1242.545044,1228.689941,1231.150024,1231.150024,1304000,-10.14001465,1213.754993,1224.191992,1193.027996,,0.710804507,
8/29/2018,1237.449951,1250.660034,1236.359009,1249.300049,1249.300049,1298900,11.85009766,1217.246997,1225.656494,1194.652795,,0.761411012,
8/30/2018,1244.22998,1253.63501,1232.589966,1239.119995,1239.119995,1331400,-5.109985352,1220.509998,1226.304993,1196.038396,,0.733026646,
8/31/2018,1234.97998,1238.660034,1211.285034,1218.189941,1218.189941,1816400,-16.79003906,1222.232996,1226.028992,1197.248994,,0.67466877,
9/4/2018,1204.27002,1212.98999,1192.5,1197,1197,1831000,-7.270019531,1221.155994,1224.640491,1198.079395,,0.615586266,
9/5/2018,1193.800049,1199.01001,1162,1186.47998,1186.47998,2061300,-7.320068359,1219.641992,1221.853491,1199.312793,,0.586253995,
9/6/2018,1186.300049,1186.300049,1152,1171.439941,1171.439941,1888500,-14.86010742,1216.052991,1218.144989,1200.372393,,0.544318855,
9/7/2018,1158.670044,1175.26001,1157.214966,1164.829956,1164.829956,1401300,6.159912109,1211.997986,1213.931488,1201.589392,,0.525888673,
9/10/2018,1172.189941,1174.540039,1160.109985,1164.640015,1164.640015,1115400,-7.549926758,1206.396985,1210.28299,1202.597793,,0.525359072,
9/11/2018,1161.630005,1178.680054,1156.23999,1177.359985,1177.359985,1209300,15.72998047,1199.950989,1207.400488,1203.831992,,0.56082532,
9/12/2018,1172.719971,1178.609985,1158.359985,1162.819946,1162.819946,1295500,-9.900024414,1193.117981,1203.436487,1204.539192,,0.520284296,
9/13/2018,1170.73999,1178.609985,1162.849976,1175.329956,1175.329956,1431200,4.58996582,1185.720972,1201.483984,1205.987991,,0.555165124,
9/14/2018,1179.099976,1180.425049,1168.329956,1172.530029,1172.530029,944000,-6.569946289,1179.061975,1199.785986,1206.953191,,0.547358275,
9/17/2018,1170.140015,1177.23999,1154.030029,1156.050049,1156.050049,1306500,-14.08996582,1172.847986,1197.540491,1207.270791,,0.501408242,
9/18/2018,1157.089966,1176.079956,1157.089966,1161.219971,1161.219971,1203600,4.130004883,1169.269983,1195.212988,1207.414189,,0.515823191,
9/19/2018,1164.97998,1173.209961,1154.579956,1171.089966,1171.089966,1191400,6.109985352,1167.730981,1193.686487,1207.779189,,0.543343042,
9/20/2018,1179.98999,1189.890015,1173.359985,1186.869995,1186.869995,1225400,6.880004883,1169.273987,1192.663489,1208.438589,,0.587341447,
9/21/2018,1192,1192.209961,1166.040039,1166.089966,1166.089966,4405600,-25.91003418,1169.399988,1190.698987,1208.090789,,0.529401874,
9/24/2018,1157.170044,1178,1146.910034,1173.369995,1173.369995,1271000,16.19995117,1170.272986,1188.334985,1207.78179,,0.549700296,
9/25/2018,1176.150024,1186.880005,1168,1184.650024,1184.650024,977700,8.5,1171.00199,1185.476489,1207.79759,,0.581151651,
9/26/2018,1185.150024,1194.22998,1174.765015,1180.48999,1180.48999,1462300,-4.66003418,1172.768994,1182.943488,1207.431389,,0.569552504,
9/27/2018,1186.72998,1202.099976,1183.630005,1194.640015,1194.640015,1260800,7.91003418,1174.7,1180.210486,1207.406589,,0.609006076,
9/28/2018,1191.869995,1195.410034,1184.5,1193.469971,1193.469971,1380600,1.599975586,1176.793994,1177.927985,1207.53679,,0.60574372,
10/1/2018,1199.890015,1209.900024,1190.300049,1195.310059,1195.310059,1357600,-4.579956055,1180.719995,1176.78399,1207.74479,,0.610874315,
10/2/2018,1190.959961,1209.959961,1186.630005,1200.109985,1200.109985,1687900,9.150024414,1184.608997,1176.93949,1207.63699,,0.624257631,
10/3/2018,1205,1206.410034,1193.829956,1202.949951,1202.949951,1256200,-2.050048828,1187.794995,1177.762988,1206.73439,,0.632176119,
10/4/2018,1195.329956,1197.51001,1155.57605,1168.189941,1168.189941,2209500,-27.14001465,1185.92699,1177.600488,1204.824189,,0.535257096,
10/5/2018,1167.5,1173.5,1145.119995,1157.349976,1157.349976,1184300,-10.15002441,1185.052991,1177.226489,1202.60459,,0.505032741,
10/8/2018,1150.109985,1168,1127.364014,1148.969971,1148.969971,1932400,-1.140014648,1182.612988,1176.442987,1200.813989,,0.481667331,
10/9/2018,1146.150024,1154.349976,1137.572021,1138.819946,1138.819946,1308700,-7.330078125,1178.02998,1174.515985,1199.195588,,0.453366693,
10/10/2018,1131.079956,1132.170044,1081.130005,1081.219971,1081.219971,2675700,-49.85998535,1168.102979,1170.435986,1196.474788,,0.292764514,
10/11/2018,1072.939941,1106.400024,1068.27002,1079.319946,1079.319946,2949000,6.380004883,1156.570972,1165.635486,1193.660986,,0.287466802,
10/12/2018,1108,1115,1086.401978,1110.079956,1110.079956,2101300,2.079956055,1148.23197,1162.512982,1191.339585,,0.373232891,
10/15/2018,1108.910034,1113.446045,1089,1092.25,1092.25,1372400,-16.66003418,1137.925964,1159.32298,1188.710386,,0.323518811,
10/16/2018,1104.589966,1124.219971,1102.5,1121.280029,1121.280029,1928500,16.69006348,1130.042969,1157.325983,1186.640586,1128.366644,0.40446131,
10/17/2018,1126.459961,1128.98999,1102.189941,1115.689941,1115.689941,1467200,-10.77001953,1121.316968,1154.555981,1184.109985,1128.620094,0.38887484,
10/18/2018,1121.839966,1121.839966,1077.089966,1087.969971,1087.969971,2094500,-33.86999512,1113.294971,1149.61098,1180.957185,1128.647544,0.31158509,
10/19/2018,1093.369995,1110.359985,1087.75,1096.459961,1096.459961,1267600,3.08996582,1107.205969,1146.12948,1177.904385,1128.697843,0.335257165,
10/22/2018,1103.060059,1112.22998,1091,1101.160034,1101.160034,1514200,-1.900024414,1102.424976,1142.518982,1175.175386,1128.692494,0.348362066,
10/23/2018,1080.890015,1107.890015,1070,1103.689941,1103.689941,1848700,22.79992676,1098.911975,1138.470978,1172.548984,1128.676244,0.355416038,
10/24/2018,1104.25,1106.119995,1048.73999,1050.709961,1050.709961,1982400,-53.54003906,1095.860974,1131.981976,1168.721184,1128.398493,0.207695484,
10/25/2018,1071.790039,1110.97998,1069.550049,1095.569946,1095.569946,2545800,23.77990723,1097.485974,1127.028473,1166.344983,1128.363293,0.332775596,
10/26/2018,1037.030029,1106.530029,1034.089966,1071.469971,1071.469971,4187600,34.43994141,1093.624976,1120.928473,1163.644583,1128.193043,0.265579237,
10/29/2018,1082.469971,1097.040039,995.8300171,1020.080017,1020.080017,3880700,-62.38995361,1086.407977,1112.166971,1160.026984,1127.682143,0.122292049,
10/30/2018,1008.460022,1037.48999,1000.75,1036.209961,1036.209961,3212700,27.74993896,1077.90097,1103.97197,1156.595782,1127.254393,0.167266098,
10/31/2018,1059.810059,1091.939941,1057,1076.77002,1076.77002,2529800,16.95996094,1074.008978,1097.662973,1154.098783,1126.978343,0.280357011,
11/1/2018,1075.800049,1083.974976,1062.459961,1070,1070,1482000,-5.800048828,1072.211981,1092.753476,1151.352184,1126.679393,0.261480616,
11/2/2018,1073.72998,1082.974976,1054.609985,1057.790039,1057.790039,1839000,-15.93994141,1068.344989,1087.775479,1148.400385,1126.280793,0.227436394,
11/5/2018,1055,1058.469971,1021.23999,1040.089966,1040.089966,2441400,-14.91003418,1062.237982,1082.331479,1144.789183,1125.702192,0.178084458,
11/6/2018,1039.47998,1064.344971,1038.069946,1055.810059,1055.810059,1233300,16.33007813,1057.449994,1078.180984,1141.068986,1125.131393,0.221915746,
11/7/2018,1069,1095.459961,1065.900024,1093.390015,1093.390015,2058400,24.39001465,1061.717999,1078.789487,1138.313785,1124.777143,0.326697438,
11/8/2018,1091.380005,1093.27002,1072.204956,1082.400024,1082.400024,1488200,-8.979980469,1060.401007,1078.943491,1134.975785,1124.337293,0.296054779,
11/9/2018,1073.98999,1075.560059,1053.109985,1066.150024,1066.150024,1343200,-7.83996582,1059.869012,1076.746994,1131.516385,1123.788843,0.250745985,
11/12/2018,1061.390015,1062.119995,1031,1038.630005,1038.630005,1471800,-22.76000977,1061.724011,1074.065994,1127.925187,1123.104094,0.174013746,
11/13/2018,1043.290039,1056.60498,1031.150024,1036.050049,1036.050049,1513700,-7.239990234,1061.70802,1069.804495,1124.706188,1122.465894,0.166820226,
11/14/2018,1050,1054.563965,1031,1043.660034,1043.660034,1565900,-6.33996582,1058.397021,1066.203,1121.849789,1121.834495,0.188038642,
11/15/2018,1044.709961,1071.849976,1031.780029,1064.709961,1064.709961,1836100,20,1057.868018,1065.039999,1119.715189,1121.319545,0.246730752,
11/16/2018,1059.410034,1067,1048.97998,1061.48999,1061.48999,1658100,2.079956055,1058.238013,1063.291501,1117.64839,1121.067495,0.237752722,
11/19/2018,1057.199951,1060.790039,1016.26001,1020,1020,1858600,-37.19995117,1056.229016,1059.233499,1114.75559,1120.888494,0.122068943,
11/20/2018,1000,1031.73999,996.0200195,1025.76001,1025.76001,2449100,25.76000977,1053.224011,1055.337003,1111.72359,1120.614294,0.138129195,
11/21/2018,1036.76001,1048.560059,1033.469971,1037.609985,1037.609985,1534300,0.849975586,1047.646008,1054.682004,1109.219391,1120.559445,0.171169693,
11/23/2018,1030,1037.589966,1022.398987,1023.880005,1023.880005,691500,-6.119995117,1041.794006,1051.097507,1106.190392,1120.671245,0.132887302,
11/26/2018,1038.349976,1049.310059,1033.910034,1048.619995,1048.619995,1942800,10.27001953,1040.041003,1049.955008,1103.712191,1120.725444,0.201868171,
11/27/2018,1041,1057.579956,1038.48999,1044.410034,1044.410034,1803200,3.41003418,1040.619006,1051.171509,1101.479391,1120.687795,0.190129817,
11/28/2018,1048.76001,1086.839966,1035.76001,1086.22998,1086.22998,2475400,37.4699707,1045.637,1053.67251,1099.979591,1120.858445,0.306733591,
11/29/2018,1076.079956,1094.244995,1076,1088.300049,1088.300049,1468900,12.22009277,1050.101001,1054.249011,1098.323793,1120.951445,0.312505424,
11/30/2018,1089.069946,1095.569946,1077.880005,1094.430054,1094.430054,2580200,5.360107422,1053.07301,1055.470514,1096.474994,1120.975995,0.329597309,
12/3/2018,1123.140015,1124.650024,1103.665039,1106.430054,1106.430054,1991200,-16.70996094,1057.567017,1057.902515,1095.281796,1121.034146,0.363056111,
12/4/2018,1103.119995,1104.420044,1049.97998,1050.819946,1050.819946,2345200,-52.30004883,1060.649011,1058.439014,1092.830795,1120.775945,0.208002148,
12/6/2018,1034.26001,1071.199951,1030.77002,1068.72998,1068.72998,2769200,34.4699707,1064.946008,1059.08501,1090.512394,1120.562896,0.257939505,
12/7/2018,1060.01001,1075.26001,1028.5,1036.579956,1036.579956,2101200,-23.43005371,1064.843005,1056.244507,1087.634193,1120.212645,0.168297731,
12/10/2018,1035.050049,1048.449951,1023.289978,1039.550049,1039.550049,1807700,4.5,1066.41001,1054.102008,1084.532394,1119.776445,0.176579043,
12/11/2018,1056.48999,1060.599976,1039.839966,1051.75,1051.75,1394700,-4.739990234,1066.72301,1053.382007,1081.697994,1119.316445,0.210595355,
12/12/2018,1068,1081.650024,1062.790039,1063.680054,1063.680054,1523800,-4.319946289,1068.650012,1054.634509,1079.065394,1119.043395,0.24385913,
12/13/2018,1068.069946,1079.76001,1053.930054,1061.900024,1061.900024,1329800,-6.169921875,1066.217017,1055.927008,1076.301195,1118.829246,0.238895993,
12/14/2018,1049.97998,1062.599976,1040.790039,1042.099976,1042.099976,1686600,-7.880004883,1061.597009,1055.849005,1073.084196,1118.692145,0.183688834,
12/17/2018,1037.51001,1053.150024,1007.900024,1016.530029,1016.530029,2385400,-20.97998047,1053.807007,1053.440009,1070.050997,1118.380195,0.112393854,
12/18/2018,1026.089966,1049.47998,1021.440002,1028.709961,1028.709961,2192500,2.619995117,1046.034998,1051.801007,1067.478197,1118.069095,0.146354347,
12/19/2018,1033.98999,1062,1008.049988,1023.01001,1023.01001,2479300,-10.97998047,1043.254004,1051.951508,1064.958998,1117.708845,0.130461553,
12/20/2018,1018.130005,1034.219971,996.3599854,1009.409973,1009.409973,2673500,-8.720031738,1037.322003,1051.134006,1062.370798,1117.207694,0.092541475,
12/21/2018,1015.299988,1024.02002,973.6900024,979.539978,979.539978,4596000,-35.76000977,1031.618005,1048.230505,1060.337198,1116.475394,0.009256956,
12/24/2018,973.9000244,1003.539978,970.1099854,976.2199707,976.2199707,1590300,2.319946289,1025.284998,1045.847504,1058.275199,1115.556294,0,
12/26/2018,989.0100098,1040,983,1039.459961,1039.459961,2373300,50.44995117,1024.055994,1045.389502,1056.862799,1114.931094,0.176327857,
12/27/2018,1017.150024,1043.890015,997,1043.880005,1043.880005,2109800,26.72998047,1022.075989,1045.363,1055.895399,1114.459644,0.188651971,
12/28/2018,1049.619995,1055.560059,1033.099976,1037.079956,1037.079956,1414800,-12.54003906,1019.593982,1042.905499,1054.211398,1113.897593,0.169691848,
12/31/2018,1050.959961,1052.699951,1023.590027,1035.609985,1035.609985,1493300,-15.34997559,1018.944983,1040.270996,1052.609799,1113.327744,0.165593226,
1/2/2019,1016.570007,1052.319946,1015.710022,1045.849976,1045.849976,1532600,29.27996826,1021.876978,1037.841992,1051.767399,1112.878344,0.19414471,
1/3/2019,1041,1056.97998,1014.070007,1016.059998,1016.059998,1841100,-24.94000244,1020.611981,1033.323489,1050.159399,1112.459544,0.111083296,
1/4/2019,1032.589966,1070.839966,1027.417969,1070.709961,1070.709961,2093900,38.11999512,1025.381976,1034.31799,1049.550398,1112.324544,0.263460153,
1/7/2019,1071.5,1074,1054.76001,1068.390015,1068.390015,1981900,-3.109985352,1031.27998,1034.300992,1048.844399,1112.212094,0.256991601,
1/8/2019,1076.109985,1084.560059,1060.530029,1076.280029,1076.280029,1764900,0.170043945,1040.953986,1036.285995,1049.355801,1112.348094,0.278990804,
1/9/2019,1081.650024,1082.630005,1066.400024,1074.660034,1074.660034,1199300,-6.989990234,1050.797992,1038.041495,1048.937603,1112.613544,0.274473879,
1/10/2019,1067.660034,1071.150024,1057.709961,1070.329956,1070.329956,1456400,2.669921875,1053.884991,1038.970493,1048.914802,1112.699144,0.26240061,
1/11/2019,1063.180054,1063.775024,1048.47998,1057.189941,1057.189941,1520800,-5.990112305,1055.215985,1038.645987,1049.657001,1112.959594,0.225763182,
1/14/2019,1046.920044,1051.530029,1041.255005,1044.689941,1044.689941,1144300,-2.230102539,1055.976984,1037.785483,1049.8266,1113.160244,0.190910264,
1/15/2019,1050.170044,1080.050049,1047.339966,1077.150024,1077.150024,1463600,26.97998047,1060.130988,1039.537985,1049.8342,1113.387044,0.281416553,
1/16/2019,1080,1092.375,1079.339966,1080.969971,1080.969971,1331800,0.969970703,1063.642987,1042.759982,1050.0536,1113.759544,0.292067455,
1/17/2019,1079.469971,1091.800049,1073.5,1089.900024,1089.900024,1242700,10.43005371,1071.02699,1045.819485,1050.6958,1114.141994,0.31696653,
1/18/2019,1100,1108.352051,1090.900024,1098.26001,1098.26001,1955600,-1.739990234,1073.781995,1049.581985,1051.8592,1114.507594,0.340276121,
1/22/2019,1088,1091.51001,1063.469971,1070.52002,1070.52002,1613500,-17.47998047,1073.994995,1052.637488,1052.1534,1114.721144,0.262930552,
1/23/2019,1077.349976,1084.930054,1059.75,1075.569946,1075.569946,967000,-1.780029297,1073.923987,1057.438986,1051.796998,1115.063794,0.277010927,
1/24/2019,1076.47998,1079.474976,1060.699951,1073.900024,1073.900024,1361300,-2.579956055,1073.847986,1062.322989,1051.626998,1115.356044,0.272354795,
1/25/2019,1085,1094,1081.819946,1090.98999,1090.98999,1119100,5.989990234,1075.913989,1064.89949,1052.123798,1115.652794,0.320005609,
1/28/2019,1080.109985,1083,1063.800049,1070.079956,1070.079956,1284300,-10.0300293,1077.202991,1066.209488,1052.752797,1115.903344,0.261703552,
1/29/2019,1072.680054,1075.150024,1055.86499,1060.619995,1060.619995,1021800,-12.06005859,1078.795996,1067.38649,1053.244196,1116.043893,0.235326972,
1/30/2019,1068.430054,1091,1066.849976,1089.060059,1089.060059,1279800,20.63000488,1079.987,1070.058994,1054.152196,1116.342844,0.314624509,
1/31/2019,1103,1117.329956,1095.410034,1116.369995,1116.369995,1538300,13.36999512,1083.527002,1073.584995,1055.185397,1116.734794,0.390770988,
2/1/2019,1112.400024,1125,1104.890015,1110.75,1110.75,1462200,-1.650024414,1085.612,1078.319495,1056.170597,1116.917744,0.37510113,
2/4/2019,1112.660034,1132.800049,1109.02002,1132.800049,1132.800049,2576500,20.14001465,1089.066003,1081.423999,1058.426598,1117.221344,0.436581814,
2/5/2019,1124.839966,1146.849976,1117.248047,1145.98999,1145.98999,3552200,21.15002441,1096.613,1085.303998,1060.831198,1117.512794,0.47335845,
2/6/2019,1139.569946,1147,1112.77002,1115.22998,1115.22998,2105600,-24.33996582,1100.579004,1087.251495,1062.383597,1117.724144,0.387592361,
2/7/2019,1104.160034,1104.839966,1086,1098.709961,1098.709961,2044800,-5.450073242,1103.059998,1088.453992,1063.880197,1117.880444,0.34153069,
2/8/2019,1087,1098.910034,1086.550049,1095.060059,1095.060059,1075800,8.060058594,1103.467004,1089.690497,1064.808998,1118.255845,0.33135391,
2/11/2019,1096.949951,1105.944946,1092.859985,1095.01001,1095.01001,1065200,-1.939941406,1105.96001,1091.5815,1065.820997,1118.624995,0.331214362,
2/12/2019,1106.800049,1125.295044,1105.849976,1121.369995,1121.369995,1609100,14.56994629,1112.03501,1095.415503,1066.523798,1119.031645,0.404712155,
2/13/2019,1124.98999,1134.72998,1118.5,1120.160034,1120.160034,1049800,-4.829956055,1115.145007,1097.566003,1067.160997,1119.482195,0.401338502,
2/14/2019,1118.050049,1128.22998,1110.444946,1121.670044,1121.670044,947600,3.619995117,1115.675012,1099.601007,1067.705797,1120.003895,0.405548762,
2/15/2019,1130.079956,1131.670044,1110.650024,1113.650024,1113.650024,1449800,-16.42993164,1115.965015,1100.788507,1067.850197,1120.385594,0.383187075,
2/19/2019,1110,1121.890015,1110,1118.560059,1118.560059,1046400,8.560058594,1114.541016,1101.80351,1069.204999,1120.856495,0.396877396,
2/20/2019,1119.98999,1123.410034,1105.280029,1113.800049,1113.800049,1087800,-6.189941406,1111.322021,1103.967511,1070.1064,1121.306895,0.383605378,
2/21/2019,1110.839966,1111.939941,1092.52002,1096.969971,1096.969971,1415100,-13.86999512,1109.496021,1105.037512,1071.3142,1121.550695,0.336679191,
2/22/2019,1100.900024,1111.23999,1095.599976,1110.369995,1110.369995,1049500,9.469970703,1110.662024,1106.861011,1072.730599,1121.828595,0.374041587,
2/25/2019,1116,1118.540039,1107.27002,1109.400024,1109.400024,1413100,-6.599975586,1112.096021,1107.781512,1073.8836,1122.106045,0.371337083,
2/26/2019,1105.75,1119.51001,1099.920044,1115.130005,1115.130005,1471300,9.380004883,1114.10802,1110.034015,1074.912599,1122.267895,0.387313606,
2/27/2019,1106.949951,1117.97998,1101,1116.050049,1116.050049,968400,9.100097656,1113.576025,1112.805518,1075.995599,1122.360295,0.389878903,
2/28/2019,1111.300049,1127.650024,1111.01001,1119.920044,1119.920044,1542500,8.619995117,1113.552026,1114.348517,1077.552001,1122.468596,0.400669353,
3/1/2019,1124.900024,1142.969971,1124.75,1140.98999,1140.98999,1450300,16.08996582,1115.484021,1115.579517,1080.0412,1122.672546,0.459417282,
3/4/2019,1146.98999,1158.280029,1130.689941,1147.800049,1147.800049,1446000,0.810058594,1118.899023,1117.432019,1082.423002,1123.015396,0.478405316,
3/5/2019,1150.060059,1169.609985,1146.194946,1162.030029,1162.030029,1443200,11.9699707,1123.246021,1118.893518,1085.203402,1123.416696,0.518081823,
3/6/2019,1162.48999,1167.56604,1155.48999,1157.859985,1157.859985,1099300,-4.630004883,1127.652014,1119.487018,1088.172402,1123.813046,0.506454767,
3/7/2019,1155.719971,1156.755005,1134.910034,1143.300049,1143.300049,1166600,-12.41992188,1132.285022,1120.890521,1091.447604,1124.197747,0.465858265,
3/8/2019,1126.72998,1147.079956,1123.300049,1142.319946,1142.319946,1212400,15.58996582,1135.480017,1123.071021,1094.769603,1124.511447,0.46312551,
3/11/2019,1144.449951,1176.189941,1144.449951,1175.76001,1175.76001,1719200,31.31005859,1142.116016,1127.106018,1097.495604,1125.041597,0.556364214,
3/12/2019,1178.26001,1200,1178.26001,1193.199951,1193.199951,2013100,14.93994141,1149.92301,1132.015515,1100.482003,1125.609147,0.604990843,
3/13/2019,1200.64502,1200.930054,1191.939941,1193.319946,1193.319946,1435900,-7.325073242,1157.65,1135.613013,1103.606803,1126.179547,0.605325417,
3/14/2019,1194.51001,1197.880005,1184.47998,1185.550049,1185.550049,1172800,-8.959960938,1164.213,1138.882513,1106.605604,1126.728997,0.583661129,
3/15/2019,1193.380005,1196.569946,1182.609985,1184.459961,1184.459961,2461800,-8.920043945,1168.559998,1142.022009,1109.377804,1127.349697,0.580621709,
3/18/2019,1183.300049,1190,1177.421021,1184.26001,1184.26001,1292600,0.959960938,1172.205994,1145.552509,1112.741804,1127.931996,0.580064199,
3/19/2019,1188.810059,1200,1185.869995,1198.849976,1198.849976,1520700,10.03991699,1175.887988,1149.567004,1115.304604,1128.501296,0.62074443,
3/20/2019,1197.349976,1227.140015,1196.170044,1223.969971,1223.969971,2227400,26.61999512,1182.498987,1155.0755,1118.416204,1129.023646,0.690784841,
3/21/2019,1216,1231.790039,1213.150024,1231.540039,1231.540039,1204000,15.54003906,1191.322986,1161.804004,1121.521404,1129.484896,0.711891959,
3/22/2019,1226.319946,1230,1202.824951,1205.5,1205.5,1714200,-20.81994629,1197.640991,1166.560504,1124.138203,1129.814096,0.63928625,
3/25/2019,1196.930054,1206.397949,1187.040039,1193,1193,1496800,-3.930053711,1199.36499,1170.740503,1126.591604,1130.094696,0.604433332,
3/26/2019,1198.530029,1202.829956,1176.719971,1184.619995,1184.619995,1901200,-13.91003418,1198.506995,1174.215002,1129.140205,1130.398496,0.581067922,
3/27/2019,1185.5,1187.55896,1159.369995,1173.02002,1173.02002,1400200,-12.47998047,1196.477002,1177.063501,1131.706807,1130.659246,0.548724482,
3/28/2019,1171.540039,1171.564941,1159.43103,1168.48999,1168.48999,961700,-3.050048828,1194.770996,1179.491998,1133.533606,1130.851746,0.536093703,
3/29/2019,1174.900024,1178.98999,1162.880005,1173.310059,1173.310059,1269900,-1.58996582,1193.656006,1181.108002,1135.380408,1131.021697,0.549533179,
4/1/2019,1184.099976,1196.660034,1182,1194.430054,1194.430054,1252500,10.33007813,1194.67301,1183.439502,1137.471008,1131.319897,0.608420656,
4/2/2019,1195.319946,1201.349976,1185.709961,1200.48999,1200.48999,827900,5.170043945,1194.837012,1185.3625,1139.515608,1131.561747,0.625317173,
4/3/2019,1207.47998,1216.300049,1200.5,1205.920044,1205.920044,1014300,-1.559936523,1193.032019,1187.765503,1142.223608,1131.830047,0.640457431,
4/4/2019,1205.939941,1215.670044,1204.130005,1215,1215,950000,9.060058594,1191.378015,1191.3505,1145.012209,1132.037747,0.665774468,
4/5/2019,1214.98999,1216.219971,1205.030029,1207.150024,1207.150024,907200,-7.83996582,1191.543018,1194.592004,1147.677209,1132.233197,0.643886904,
4/8/2019,1207.890015,1208.689941,1199.859985,1203.839966,1203.839966,860200,-4.050048828,1192.627014,1195.996002,1149.934209,1132.403197,0.634657688,
4/9/2019,1196,1202.290039,1193.079956,1197.25,1197.25,876400,1.25,1193.890015,1196.198505,1152.47761,1132.601147,0.616283324,
4/10/2019,1200.680054,1203.785034,1196.435059,1202.160034,1202.160034,724600,1.479980469,1196.804016,1196.640509,1155.308411,1132.834547,0.629973646,
4/11/2019,1203.959961,1207.959961,1200.130005,1204.619995,1204.619995,710200,0.66003418,1200.417017,1197.594006,1157.619609,1133.233597,0.636832591,
4/12/2019,1210,1218.349976,1208.109985,1217.869995,1217.869995,933400,7.869995117,1204.87301,1199.264508,1159.649609,1133.730647,0.673776685,
4/15/2019,1218,1224.199951,1209.109985,1221.099976,1221.099976,1187400,3.099975586,1207.540002,1201.106506,1161.856609,1134.316247,0.682782624,
4/16/2019,1225,1230.819946,1220.119995,1227.130005,1227.130005,856300,2.130004883,1210.204004,1202.520508,1163.743208,1134.880797,0.699595754,
4/17/2019,1233,1240.560059,1227.819946,1236.339966,1236.339966,1221900,3.33996582,1213.245996,1203.139008,1165.550208,1135.484247,0.725275275,
4/18/2019,1239.180054,1242,1234.609985,1236.369995,1236.369995,1331800,-2.810058594,1215.382996,1203.380505,1167.973008,1136.028797,0.725359004,
4/22/2019,1235.98999,1249.089966,1228.310059,1248.839966,1248.839966,807300,12.84997559,1219.55199,1205.547504,1170.975608,1136.758547,0.760128193,
4/23/2019,1250.689941,1269,1246.380005,1264.550049,1264.550049,1319900,13.86010742,1225.622998,1209.125006,1174.365408,1137.459947,0.803931573,
4/24/2019,1264.119995,1268.01001,1255,1256,1256,1018800,-8.119995117,1231.497998,1212.694006,1177.585208,1138.039097,0.78009204,
4/25/2019,1264.77002,1267.407959,1252.030029,1263.449951,1263.449951,1107300,-1.320068359,1237.62699,1217.215503,1180.426807,1138.586096,0.800864243,
4/26/2019,1269,1273.069946,1260.319946,1272.180054,1272.180054,1241400,3.180053711,1244.382996,1222.400006,1183.467207,1139.182797,0.825205808,
4/29/2019,1274,1289.27002,1266.295044,1287.579956,1287.579956,2499400,13.57995605,1251.353992,1228.113501,1186.785405,1139.851196,0.868144331,
4/30/2019,1185,1192.810059,1175,1188.47998,1188.47998,6207000,3.479980469,1248.091992,1227.815997,1188.282004,1139.876196,0.591830462,
5/1/2019,1188.050049,1188.050049,1167.180054,1168.079956,1168.079956,2639200,-19.97009277,1242.186987,1226.195496,1189.272402,1139.772496,0.534950432,
5/2/2019,1167.76001,1174.189941,1155.001953,1162.609985,1162.609985,1944800,-5.150024414,1234.813989,1224.029993,1190.248601,1139.666246,0.519698876,
5/3/2019,1173.650024,1186.800049,1169,1185.400024,1185.400024,1980700,11.75,1229.716992,1222.549994,1192.017202,1139.599246,0.583242826,
5/6/2019,1166.26001,1190.849976,1166.26001,1189.390015,1189.390015,1563900,23.13000488,1223.771997,1221.661993,1193.597603,1139.566796,0.59436785,
5/7/2019,1180.469971,1190.439941,1161.040039,1174.099976,1174.099976,1551400,-6.369995117,1214.72699,1220.174994,1194.891602,1139.502496,0.551735652,
5/8/2019,1172.01001,1180.42395,1165.73999,1166.27002,1166.27002,1309300,-5.739990234,1205.753992,1218.625995,1195.914402,1139.409296,0.529903906,
5/9/2019,1159.030029,1169.660034,1150.849976,1162.380005,1162.380005,1185700,3.349975586,1195.646997,1216.636993,1196.841001,1139.193696,0.519057637,
5/10/2019,1163.589966,1172.599976,1142.5,1164.27002,1164.27002,1314500,0.680053711,1184.855994,1214.619495,1197.728,1138.774647,0.524327439,
5/13/2019,1141.959961,1147.939941,1122.109985,1132.030029,1132.030029,1860600,-9.929931641,1169.301001,1210.327496,1197.548801,1138.116297,0.434434819,
5/14/2019,1137.209961,1140.420044,1119.550049,1120.439941,1120.439941,1836600,-16.77001953,1162.496997,1205.294495,1197.001599,1137.376847,0.402118949,
5/15/2019,1117.869995,1171.329956,1116.666016,1164.209961,1164.209961,2289300,46.33996582,1162.109998,1202.148492,1197.045198,1137.005397,0.524159982,
5/16/2019,1164.51001,1188.160034,1162.839966,1178.97998,1178.97998,1531400,14.4699707,1163.746997,1199.280493,1197.467598,1136.801597,0.565342244,
5/17/2019,1168.469971,1180.150024,1160.01001,1162.300049,1162.300049,1208600,-6.169921875,1161.437,1195.576996,1197.847598,1136.526797,0.518834701,
5/20/2019,1144.5,1146.796997,1131.442993,1138.849976,1138.849976,1353300,-5.650024414,1156.382996,1190.077496,1197.778198,1136.120997,0.453450422,
5/21/2019,1148.48999,1152.708008,1137.939941,1149.630005,1149.630005,1159800,1.140014648,1153.935999,1184.331494,1197.255598,1135.738397,0.48350766,
5/22/2019,1146.75,1158.52002,1145.890015,1151.420044,1151.420044,914500,4.670043945,1152.451001,1179.102496,1196.42,1135.376947,0.488498707,
5/23/2019,1140.5,1145.973022,1129.223999,1140.77002,1140.77002,1198900,0.270019531,1150.290002,1172.9685,1195.369001,1134.956947,0.458803953,
5/24/2019,1147.359985,1149.765015,1131.660034,1133.469971,1133.469971,1112000,-13.89001465,1147.209998,1166.032996,1194.3274,1134.413197,0.438449712,
5/28/2019,1134,1151.587036,1133.119995,1134.150024,1134.150024,1365000,0.150024414,1147.421997,1158.361499,1193.321201,1133.855897,0.440345861,
5/29/2019,1127.52002,1129.099976,1108.219971,1116.459961,1116.459961,1538200,-11.06005859,1147.023999,1154.760498,1191.9652,1133.192697,0.391021834,
5/30/2019,1115.540039,1123.130005,1112.119995,1117.949951,1117.949951,951900,2.409912109,1142.397998,1152.253998,1190.3472,1132.594397,0.395176274,
5/31/2019,1101.290039,1109.599976,1100.180054,1103.630005,1103.630005,1507800,2.33996582,1134.863,1149.304999,1187.9404,1131.937497,0.355248921,
6/3/2019,1065.5,1065.5,1025,1036.22998,1036.22998,5130600,-29.27001953,1122.255994,1141.846497,1184.034199,1130.908147,0.167321917,
6/4/2019,1042.900024,1056.050049,1033.689941,1053.050049,1053.050049,2833500,10.15002441,1113.676001,1135.029498,1180.9852,1130.101497,0.214220195,
6/5/2019,1051.540039,1053.550049,1030.48999,1042.219971,1042.219971,2168400,-9.320068359,1102.934998,1128.435498,1177.9696,1129.280147,0.184023409,
6/6/2019,1044.98999,1047.48999,1033.699951,1044.339966,1044.339966,1703200,-0.650024414,1092.22699,1122.338995,1175.163999,1128.497047,0.18993445,
6/7/2019,1050.630005,1070.920044,1048.400024,1066.040039,1066.040039,1802400,15.41003418,1084.753992,1117.521997,1173.024399,1127.788397,0.25043932,
6/10/2019,1072.97998,1092.660034,1072.322021,1080.380005,1080.380005,1464200,7.400024414,1079.444995,1113.327496,1171.2622,1127.182197,0.290422493,
6/11/2019,1093.97998,1101.98999,1077.603027,1078.719971,1078.719971,1436700,-15.26000977,1073.90199,1110.661993,1169.370398,1126.539147,0.28579393,
6/12/2019,1078,1080.930054,1067.540039,1077.030029,1077.030029,1061000,-0.969970703,1069.958997,1108.491498,1167.022397,1125.897397,0.281081979,
6/13/2019,1083.640015,1094.170044,1080.150024,1088.77002,1088.77002,1057700,5.130004883,1067.041003,1104.719501,1164.787998,1125.237997,0.313815813,
6/14/2019,1086.420044,1092.689941,1080.171997,1085.349976,1085.349976,1111500,-1.070068359,1065.213,1100.038,1162.376597,1124.455648,0.304279932,
6/17/2019,1086.280029,1099.180054,1086.280029,1092.5,1092.5,941600,6.219970703,1070.840002,1096.547998,1159.926597,1123.762397,0.324215869,
6/18/2019,1109.689941,1116.390015,1098.98999,1103.599976,1103.599976,1386700,-6.08996582,1075.894995,1094.785498,1157.855596,1123.033897,0.355165192,
6/19/2019,1105.599976,1107,1093.47998,1102.329956,1102.329956,1338800,-3.270019531,1081.905994,1092.420496,1155.825396,1122.349947,0.351624081,
6/20/2019,1119.98999,1120.119995,1104.73999,1111.420044,1111.420044,1262000,-8.569946289,1088.614001,1090.420496,1154.108796,1121.816097,0.376969369,
6/21/2019,1109.23999,1124.109985,1108.079956,1121.880005,1121.880005,1947600,12.64001465,1094.197998,1089.475995,1152.503196,1121.440497,0.406134182,
6/24/2019,1119.609985,1122,1111.01001,1115.52002,1115.52002,1395600,-4.08996582,1097.712,1088.578497,1150.721196,1121.085698,0.388401058,
6/25/2019,1112.660034,1114.349976,1083.800049,1086.349976,1086.349976,1546900,-26.31005859,1098.475,1086.188495,1148.090796,1120.660248,0.307068165,
6/26/2019,1086.5,1092.969971,1072.23999,1079.800049,1079.800049,1810900,-6.699951172,1098.752002,1084.355499,1145.264797,1120.235098,0.28880544,
6/27/2019,1084,1087.099976,1075.290039,1076.01001,1076.01001,1004300,-7.989990234,1097.476001,1082.258502,1142.242397,1119.791948,0.278237926,
6/28/2019,1076.390015,1081,1073.369995,1080.910034,1080.910034,1693200,4.520019531,1097.032007,1081.122504,1139.133799,1119.309698,0.291900338,
7/1/2019,1098,1107.579956,1093.703003,1097.949951,1097.949951,1436300,-0.050048828,1097.577002,1084.208502,1136.365398,1118.985349,0.339411605,
7/2/2019,1102.23999,1111.77002,1098.170044,1111.25,1111.25,991600,9.010009766,1098.342004,1087.1185,1133.613599,1118.664949,0.376495246,
7/3/2019,1117.410034,1126.76001,1113.859985,1121.579956,1121.579956,767000,4.169921875,1100.267004,1091.086499,1130.754197,1118.410198,0.405297576,
7/5/2019,1117.800049,1132.880005,1116.140015,1131.589966,1131.589966,1264300,13.78991699,1102.283997,1095.448999,1128.265996,1118.287898,0.43320782,
7/8/2019,1125.170044,1125.97998,1111.209961,1116.349976,1116.349976,1236400,-8.820068359,1101.730994,1097.964496,1125.323997,1118.063548,0.390715169,
7/9/2019,1111.800049,1128.025024,1107.170044,1124.829956,1124.829956,1330400,13.02990723,1102.661987,1100.186993,1122.376995,1117.832248,0.414359334,
7/10/2019,1131.219971,1142.050049,1130.969971,1140.47998,1140.47998,1209500,9.260009766,1108.074988,1103.274994,1119.434995,1117.600298,0.457995256,
7/11/2019,1143.25,1153.069946,1139.579956,1144.209961,1144.209961,1195500,0.959960938,1114.515979,1106.63399,1118.549595,1117.490898,0.468395312,
7/12/2019,1143.98999,1147.339966,1138.780029,1144.900024,1144.900024,864000,0.91003418,1121.40498,1109.440491,1118.085996,1117.348548,0.47031937,
7/15/2019,1146.859985,1150.819946,1139.400024,1150.339966,1150.339966,903800,3.479980469,1128.347974,1112.68999,1117.840596,1117.176998,0.485487197,
7/16/2019,1146,1158.579956,1145,1153.579956,1153.579956,1238800,7.579956055,1133.910974,1115.743988,1117.204194,1117.042448,0.494521046,1151.9065
7/17/2019,1150.969971,1158.359985,1145.77002,1146.349976,1146.349976,1170000,-4.619995117,1137.420972,1117.881488,1116.343394,1116.800997,0.474362173,1155.2639
7/18/2019,1141.73999,1147.60498,1132.72998,1146.329956,1146.329956,1290700,4.58996582,1139.895972,1120.081488,1115.787993,1116.565297,0.474306354,1147.8223
7/19/2019,1148.189941,1151.140015,1129.619995,1130.099976,1130.099976,1647200,-18.08996582,1139.746973,1121.015485,1115.064592,1116.239247,0.429053379,1148.6111
7/22/2019,1133.449951,1139.25,1124.23999,1138.069946,1138.069946,1301500,4.619995117,1141.91897,1121.824982,1114.578391,1115.929047,0.451275518,1132.4775
7/23/2019,1144,1146.900024,1131.800049,1146.209961,1146.209961,1093700,2.209960938,1144.05697,1123.359479,1114.21719,1115.645347,0.473971779,1141.31
7/24/2019,1131.900024,1144,1126.98999,1137.810059,1137.810059,1589800,5.91003418,1143.789978,1125.932483,1114.332791,1115.493447,0.450550891,1149.1234
7/25/2019,1137.819946,1141.699951,1120.920044,1132.119995,1132.119995,2209800,-5.699951172,1142.580981,1128.54848,1114.566392,1115.367297,0.434685665,1140.002
7/26/2019,1224.040039,1265.550049,1224,1250.410034,1250.410034,4805800,26.36999512,1153.131982,1137.268481,1116.290393,1115.874498,0.764505911,1134.7367
7/29/2019,1241.050049,1247.369995,1228.22998,1239.410034,1239.410034,2223700,-1.640014648,1162.038989,1145.193481,1117.498994,1116.377448,0.733835342,1262.7767
7/30/2019,1225.410034,1234.869995,1223.300049,1225.140015,1225.140015,1453300,-0.270019531,1169.194995,1151.552985,1118.755793,1117.097048,0.694047196,1235.2571
7/31/2019,1223,1234,1207.764038,1216.680054,1216.680054,1725500,-6.319946289,1176.228003,1156.824487,1120.312395,1117.783849,0.67045885,1220.3386
8/1/2019,1214.030029,1234.109985,1205.719971,1209.01001,1209.01001,1698500,-5.020019531,1182.496008,1161.19599,1121.499995,1118.278499,0.649072977,1216.0366
8/2/2019,1200.73999,1206.900024,1188.939941,1193.98999,1193.98999,1645100,-6.75,1188.88501,1164.315991,1122.351394,1118.787199,0.607193656,1208.9789
8/5/2019,1170.040039,1175.23999,1140.140015,1152.319946,1152.319946,2597500,-17.72009277,1190.31001,1166.11449,1122.582393,1118.942399,0.491007845,1193.1501
8/6/2019,1163.310059,1179.959961,1160,1169.949951,1169.949951,1709400,6.639892578,1192.684009,1168.37049,1123.311992,1119.213699,0.540164415,1149.6151
8/7/2019,1156,1178.444946,1149.624023,1173.98999,1173.98999,1444300,17.98999023,1196.302002,1170.04599,1124.108792,1119.643799,0.551428987,1177.2864
8/8/2019,1182.829956,1205.01001,1173.02002,1204.800049,1204.800049,1468000,21.97009277,1203.570007,1173.075494,1125.875593,1120.185499,0.637334623,1177.3372
8/9/2019,1197.98999,1203.880005,1183.603027,1188.01001,1188.01001,1065700,-9.979980469,1197.330005,1175.230994,1127.276794,1120.619749,0.590520074,1211.3778
8/12/2019,1179.209961,1184.959961,1167.671997,1174.709961,1174.709961,1003000,-4.5,1190.859998,1176.449493,1128.698394,1120.974849,0.553436433,1184.9968
8/13/2019,1171.459961,1204.780029,1171.459961,1197.27002,1197.27002,1294400,25.81005859,1188.072998,1178.633997,1131.919194,1121.70765,0.616339143,1174.5863
8/14/2019,1176.310059,1182.300049,1160.540039,1164.290039,1164.290039,1578700,-12.02001953,1182.833997,1179.531,1134.143994,1122.05125,0.524383258,1202.419
8/15/2019,1163.5,1175.839966,1162.109985,1167.26001,1167.26001,1218700,3.760009766,1178.658997,1180.577502,1136.644795,1122.5302,0.53266423,1159.6201
8/16/2019,1179.550049,1182.719971,1171.810059,1177.599976,1177.599976,1313300,-1.950073242,1177.019995,1182.952502,1139.309995,1123.3178,0.561494469,1170.0522
8/19/2019,1190.089966,1206.98999,1190.089966,1198.449951,1198.449951,1231600,8.359985352,1181.632996,1185.971503,1141.958193,1124.129,0.619629068,1180.0454
8/20/2019,1195.25,1196.060059,1182.109985,1182.689941,1182.689941,915500,-12.56005859,1182.906995,1187.795502,1144.004392,1124.6586,0.575686482,1201.5685
8/21/2019,1193.150024,1199,1187.430054,1191.25,1191.25,740700,-1.900024414,1184.632996,1190.467499,1146.254993,1125.26485,0.599553923,1179.186
8/22/2019,1194.069946,1198.011963,1178.579956,1189.530029,1189.530029,947500,-4.539916992,1183.105994,1193.338,1148.504993,1125.923549,0.594758244,1192.809
8/23/2019,1181.98999,1194.079956,1147.75,1151.290039,1151.290039,1687000,-30.69995117,1179.433997,1188.382001,1149.755393,1126.47955,0.488136223,1188.773
8/26/2019,1157.26001,1169.469971,1152.959961,1168.890015,1168.890015,1226100,11.63000488,1178.852002,1184.856,1151.426194,1127.04495,0.537209064,1146.6497
8/27/2019,1180.530029,1182.400024,1161.449951,1167.839966,1167.839966,1077200,-12.69006348,1175.908997,1181.990997,1152.932993,1127.417199,0.534281283,1172.4077
8/28/2019,1161.709961,1176.420044,1157.300049,1171.02002,1171.02002,802000,9.310058594,1176.581995,1179.707996,1154.281394,1127.860299,0.543148015,1168.1652
8/29/2019,1181.119995,1196.060059,1181.119995,1192.849976,1192.849976,1088400,11.72998047,1179.140991,1178.899994,1156.091794,1128.493799,0.604015029,1171.4706
8/30/2019,1198.5,1198.5,1183.802979,1188.099976,1188.099976,1129800,-10.40002441,1180.190991,1178.605493,1157.625393,1129.241149,0.59077092,1195.2316
9/3/2019,1177.030029,1186.890015,1163.199951,1168.390015,1168.390015,1479900,-8.640014648,1177.184998,1179.408997,1158.555593,1129.902849,0.535814947,1185.9845
9/4/2019,1176.709961,1183.47998,1171,1181.410034,1181.410034,1068900,4.700073242,1177.057007,1179.982001,1159.873394,1130.591599,0.572117802,1165.1842
9/5/2019,1191.530029,1213.040039,1191.530029,1211.380005,1211.380005,1408100,19.84997559,1179.070007,1181.851501,1162.373994,1131.324949,0.655681077,1183.3894
9/6/2019,1208.130005,1212.015015,1202.521973,1204.930054,1204.930054,1072100,-3.199951172,1180.61001,1181.858002,1164.876594,1132.042149,0.637697107,1215.4176
9/9/2019,1204,1220,1192.619995,1204.410034,1204.410034,1471900,0.41003418,1185.922009,1182.678003,1167.444595,1132.9642,0.636247171,1201.2319
9/10/2019,1195.150024,1210,1194.579956,1206,1206,1260100,10.84997559,1189.633008,1184.242505,1169.946394,1133.865399,0.640680367,1203.3337
9/11/2019,1203.410034,1222.599976,1202.199951,1220.170044,1220.170044,1307000,16.76000977,1194.866016,1185.387506,1172.390796,1134.7782,0.680189758,1205.5107
9/12/2019,1224.300049,1241.859985,1223.02002,1234.25,1234.25,1725900,9.949951172,1201.189014,1188.885504,1174.850796,1135.83005,0.719447962,1222.3667
9/13/2019,1231.349976,1240.880005,1227.01001,1239.560059,1239.560059,1301400,8.210083008,1205.860022,1192.500507,1177.210398,1136.78475,0.734253646,1235.8446
9/16/2019,1229.52002,1239.560059,1225.609985,1231.300049,1231.300049,1053300,1.780029297,1210.180029,1195.18551,1179.2046,1137.7192,0.71122281,1238.5846
9/17/2019,1230.400024,1235,1223.689941,1229.150024,1229.150024,955100,-1.25,1216.25603,1196.720514,1181.460601,1138.4338,0.70522804,1227.2122
9/18/2019,1227.51001,1235.609985,1216.530029,1232.410034,1232.410034,1135100,4.900024414,1221.35603,1199.206519,1183.612202,1139.15435,0.714317708,1228.4985
9/19/2019,1232.060059,1244.439941,1232.02002,1238.709961,1238.709961,996000,6.649902344,1224.089026,1201.579517,1185.576802,1139.87575,0.731883375,1232.9181
9/20/2019,1233.119995,1243.319946,1223.079956,1229.930054,1229.930054,2270000,-3.189941406,1226.589026,1203.599518,1187.291204,1140.49325,0.707402944,1239.6748
9/23/2019,1226,1239.089966,1224.170044,1234.030029,1234.030029,1062400,8.030029297,1229.551025,1207.736517,1189.073804,1141.4093,0.718834633,1226.1274
9/24/2019,1240,1246.73999,1210.680054,1218.76001,1218.76001,1583200,-21.23999023,1230.827026,1210.230017,1190.442205,1142.15945,0.676258253,1235.6245
9/25/2019,1215.819946,1248.300049,1210.089966,1246.52002,1246.52002,1453000,30.70007324,1233.462024,1214.16402,1192.301006,1143.209151,0.753659642,1213.6187
9/26/2019,1241.959961,1245,1232.267944,1241.390015,1241.390015,1538000,-0.569946289,1234.176025,1217.68252,1194.201807,1144.218351,0.73935599,1255.2996
9/27/2019,1243.01001,1244.02002,1214.449951,1225.089966,1225.089966,1353900,-17.92004395,1232.729016,1219.294519,1195.777007,1145.08505,0.693907649,1235.9915
9/30/2019,1220.969971,1226,1212.300049,1219,1219,1404100,-1.969970703,1231.499011,1220.83952,1197.555007,1145.86165,0.676927402,1220.0903
10/1/2019,1219,1231.22998,1203.579956,1205.099976,1205.099976,1273500,-13.90002441,1229.094006,1222.675018,1198.895608,1146.57765,0.638170889,1218.1917
10/2/2019,1196.97998,1196.97998,1171.290039,1176.630005,1176.630005,1615100,-20.34997559,1223.516003,1222.436017,1199.504009,1147.2503,0.558789964,1201.7651
10/3/2019,1180,1189.060059,1162.430054,1187.829956,1187.829956,1621200,7.829956055,1218.428003,1221.258514,1200.504407,1148.1068,0.590018043,1172.2092
10/4/2019,1191.890015,1211.439941,1189.170044,1209,1209,1162400,17.10998535,1216.334998,1221.462012,1202.042007,1149.00825,0.649045067,1191.7112
10/7/2019,1204.400024,1218.203979,1203.75,1207.680054,1207.680054,842900,3.280029297,1213.7,1221.625513,1201.187407,1149.9316,0.645364749,1212.3666
10/8/2019,1197.589966,1206.079956,1189.01001,1189.130005,1189.130005,1039300,-8.459960938,1210.737,1220.782013,1200.181807,1150.8302,0.593642882,1205.1355
10/9/2019,1199.349976,1208.349976,1197.630005,1202.310059,1202.310059,867700,2.960083008,1206.316003,1219.889014,1199.725208,1151.944051,0.630391949,1184.1616
10/10/2019,1198.579956,1215,1197.339966,1208.670044,1208.670044,846600,10.09008789,1203.044006,1218.610016,1199.565007,1153.106301,0.648125073,1204.3262
10/11/2019,1222.209961,1228.390015,1213.73999,1215.449951,1215.449951,1272700,-6.760009766,1202.080005,1217.40451,1199.693806,1153.986251,0.667029037,1207.7943
10/14/2019,1212.339966,1226.329956,1211.76001,1217.140015,1217.140015,867500,4.800048828,1201.894006,1216.696509,1200.156807,1154.852551,0.671741329,1214.4727
10/15/2019,1220.400024,1247.329956,1220.400024,1243.01001,1243.01001,1381700,22.60998535,1205.68501,1217.389508,1201.970608,1155.882201,0.743872915,1214.799
10/16/2019,1241.170044,1254.73999,1238.449951,1243.640015,1243.640015,1094600,2.469970703,1212.386011,1217.951007,1203.444409,1156.922351,0.745629516,1246.8528
10/17/2019,1250.930054,1263.324951,1249.939941,1253.069946,1253.069946,952400,2.139892578,1218.91001,1218.669006,1205.026008,1157.958451,0.771922366,1238.7262
10/18/2019,1253.459961,1258.890015,1241.079956,1245.48999,1245.48999,1352800,-7.969970703,1222.559009,1219.447003,1205.839807,1159.105601,0.750787679,1252.8326
10/21/2019,1252.26001,1254.629028,1240.599976,1246.150024,1246.150024,1027200,-6.109985352,1226.406006,1220.053003,1207.002607,1159.982802,0.752628009,1238.9973
10/22/2019,1247.849976,1250.599976,1241.380005,1242.800049,1242.800049,1023800,-5.049926758,1231.77301,1221.255005,1208.364409,1160.854852,0.743287495,1244.6998
10/23/2019,1242.359985,1259.890015,1242.359985,1259.130005,1259.130005,911500,16.77001953,1237.455005,1221.885504,1209.601609,1161.769102,0.788819225,1239.2697
10/24/2019,1260.900024,1264,1253.714966,1260.98999,1260.98999,1028100,0.08996582,1242.687,1222.865503,1211.535608,1162.700751,0.794005298,1262.6888
10/25/2019,1251.030029,1269.599976,1250.01001,1265.130005,1265.130005,1213100,14.09997559,1247.655005,1224.867505,1213.493008,1163.674752,0.805548625,1257.1328
10/28/2019,1275.449951,1299.310059,1272.540039,1290,1290,2613200,14.55004883,1254.941003,1228.417505,1215.741008,1164.838802,0.874891978,1264.0835
10/29/2019,1276.22998,1281.589966,1257.212036,1262.619995,1262.619995,1886400,-13.60998535,1256.902002,1231.293506,1217.024409,1165.928452,0.798550132,1296.0212
10/30/2019,1252.969971,1269.359985,1252,1261.290039,1261.290039,1408900,8.320068359,1258.667004,1235.526508,1218.596411,1166.849152,0.794841904,1244.5203
10/31/2019,1261.280029,1267.670044,1250.843018,1260.109985,1260.109985,1455700,-1.170043945,1259.371008,1239.140509,1219.973611,1167.744852,0.791551639,1263.5571
11/1/2019,1265,1274.619995,1260.5,1273.73999,1273.73999,1670100,8.739990234,1262.196008,1242.377509,1221.65781,1168.664052,0.829555275,1256.8052
11/4/2019,1276.449951,1294.130005,1276.35498,1291.369995,1291.369995,1501000,14.92004395,1266.718005,1246.562006,1224.459409,1169.629602,0.878711844,1276.9932
11/5/2019,1292.890015,1298.930054,1291.229004,1292.030029,1292.030029,1282700,-0.859985352,1271.641003,1251.707007,1226.922209,1170.737152,0.880552174,1293.3021
11/6/2019,1289.459961,1293.72998,1282.5,1291.800049,1291.800049,1152700,2.340087891,1274.908008,1256.181506,1229.401411,1171.818303,0.879910934,1285.9028
11/7/2019,1294.280029,1323.73999,1294.244995,1308.859985,1308.859985,2030000,14.57995605,1279.695007,1261.191003,1232.15821,1172.993102,0.92747802,1288.1823
11/8/2019,1305.280029,1318,1304.36499,1311.369995,1311.369995,1251400,6.08996582,1284.319006,1265.987006,1234.528611,1174.095002,0.934476514,1312.0854
11/11/2019,1303.180054,1306.425049,1297.410034,1299.189941,1299.189941,1011900,-3.990112305,1285.238,1270.089502,1236.75041,1175.240552,0.90051568,1304.1005
11/12/2019,1300,1310,1295.77002,1298.800049,1298.800049,1085900,-1.199951172,1288.856006,1272.879004,1239.358611,1176.431453,0.899428569,1289.0233
11/13/2019,1294.069946,1304.300049,1293.51001,1298,1298,826700,3.930053711,1292.527002,1275.597003,1241.69041,1177.476152,0.897197846,1296.6516
11/14/2019,1297.5,1317,1295.650024,1311.459961,1311.459961,1193500,13.95996094,1297.662,1278.516504,1243.692009,1178.451602,0.934727359,1292.6005
11/15/2019,1318.939941,1334.880005,1314.280029,1334.869995,1334.869995,1782600,15.93005371,1303.775,1282.985504,1246.290808,1179.572202,1,1313.3362
11/18/2019,1332.219971,1335.529053,1317.5,1320.699951,1320.699951,1487400,-11.52001953,1306.707996,1286.713,1248.616606,1180.511702,0.960490609,1337.431
11/19/2019,1327.699951,1327.699951,1312.800049,1315.459961,1315.459961,1269200,-12.23999023,1309.050989,1290.345996,1250.805806,1181.359052,0.945880293,1301.7103
11/20/2019,1311.73999,1315,1291.150024,1303.050049,1303.050049,1308600,-8.689941406,1310.175989,1292.541998,1252.463406,1182.298152,0.911278561,1311.883
11/21/2019,1301.47998,1312.589966,1293,1301.349976,1301.349976,995500,-0.130004883,1309.424988,1294.559998,1253.805405,1183.311352,0.90653836,1290.831
11/22/2019,1305.619995,1308.72998,1291.410034,1295.339966,1295.339966,1385700,-10.2800293,1307.821985,1296.070496,1254.921003,1184.312751,0.889781049,1298.3546
11/25/2019,1299.180054,1311.310059,1298.130005,1306.689941,1306.689941,1036200,7.509887695,1308.571985,1296.904993,1256.428801,1185.371151,0.921427431,1286.7577
11/26/2019,1309.859985,1314.800049,1305.089966,1313.550049,1313.550049,1069700,3.690063477,1310.046985,1299.451495,1258.116802,1186.332051,0.940555012,1307.9342
11/27/2019,1315,1318.359985,1309.630005,1312.98999,1312.98999,995600,-2.010009766,1311.545984,1302.036493,1259.728401,1187.296201,0.938993438,1307.6267
11/29/2019,1307.119995,1310.204956,1303.969971,1304.959961,1304.959961,587000,-2.16003418,1310.895984,1304.278992,1261.053401,1188.212651,0.916603842,1305.2166
